<?xml version="1.0" encoding="UTF-8"?>
<project xmlns="http://www.kw-software.com/xml/PLCopen/TC6_XML_V10_KW.xsd" xmlns:xhtml="http://www.w3.org/1999/xhtml" xmlns:xsi="http://www.w3.org/2001/XMLSchema-instance">
  <!--(*
 *
 * File: zbiorniki_objekt.xml
 *
 * IEC 61131-3 Structured Text (ST) code generated for subsystem "zbiorniki_objekt/Subsystem"
 *
 * Model name                      : zbiorniki_objekt
 * Model version                   : 1.18
 * Model creator                   : lab
 * Model last modified by          : lab
 * Model last modified on          : Thu Apr 18 11:01:08 2024
 * Model sample time               : 0.01s
 * Subsystem name                  : zbiorniki_objekt/Subsystem
 * Subsystem sample time           : 0.01s
 * Simulink PLC Coder version      : 3.5 (R2021b) 14-May-2021
 * ST code generated on            : Thu Apr 18 11:23:36 2024
 *
 * Target IDE selection            : Phoenix Contact PC WORX 6.0
 * Test Bench included             : No
 *
 *)
-->
  <fileHeader companyName="The Mathworks, Inc." companyURL="www.mathworks.com" contentDescription="" creationDateTime="2024-04-18T11:23:36" productName="Simulink PLC Coder" productRelease="(R2021b)" productVersion="3.5"/>
  <contentHeader name="zbiorniki_objekt">
    <coordinateInfo>
      <fbd>
        <scaling x="0" y="0"/>
      </fbd>
      <ld>
        <scaling x="0" y="0"/>
      </ld>
      <sfc>
        <scaling x="0" y="0"/>
      </sfc>
    </coordinateInfo>
  </contentHeader>
  <types>
    <dataTypes/>
    <pous>
      <pou name="Subsystem" pouType="functionBlock">
        <interface>
          <localVars>
            <variable name="temp1">
              <type>
                <DINT/>
              </type>
            </variable>
            <variable name="rtb_Product3">
              <type>
                <LREAL/>
              </type>
            </variable>
            <variable name="rtb_Product4">
              <type>
                <LREAL/>
              </type>
            </variable>
            <variable name="rtb_Product">
              <type>
                <LREAL/>
              </type>
            </variable>
            <variable name="i0_PLC_LREAL_TRUNC">
              <type>
                <derived name="PLC_LREAL_TRUNC"/>
              </type>
            </variable>
            <variable name="d_DiscreteTimeIntegra">
              <type>
                <LREAL/>
              </type>
            </variable>
            <variable name="c_DiscreteTimeIntegra">
              <type>
                <LREAL/>
              </type>
            </variable>
          </localVars>
          <outputVars>
            <variable name="h2_real">
              <type>
                <LREAL/>
              </type>
            </variable>
            <variable name="h1_real">
              <type>
                <LREAL/>
              </type>
            </variable>
            <variable name="H2">
              <type>
                <UINT/>
              </type>
            </variable>
            <variable name="H1">
              <type>
                <UINT/>
              </type>
            </variable>
          </outputVars>
          <inputVars>
            <variable name="ssMethodType">
              <type>
                <SINT/>
              </type>
            </variable>
            <variable name="V1">
              <type>
                <BOOL/>
              </type>
            </variable>
            <variable name="b_P">
              <type>
                <BOOL/>
              </type>
            </variable>
            <variable name="V2">
              <type>
                <BOOL/>
              </type>
            </variable>
          </inputVars>
        </interface>
        <body>
          <ST>
            <html xmlns="http://www.w3.org/1999/xhtml">
              <div id="MWTDESCRIPTION" wsName="Subsystem" xml:space="preserve" xmlns="http://www.w3.org/1999/xhtml"><![CDATA[

]]>
                <br/><![CDATA[
CASE SINT_TO_INT(ssMethodType) OF
]]>
                <br/><![CDATA[
    0: 
]]>
                <br/><![CDATA[
        c_DiscreteTimeIntegra := LREAL#0.0;
]]>
                <br/><![CDATA[
        d_DiscreteTimeIntegra := LREAL#0.0;
]]>
                <br/><![CDATA[
    1: 
]]>
                <br/><![CDATA[
        h2_real := c_DiscreteTimeIntegra;
]]>
                <br/><![CDATA[
        rtb_Product4 := LREAL#32767.0 * c_DiscreteTimeIntegra;
]]>
                <br/><![CDATA[
        h1_real := d_DiscreteTimeIntegra;
]]>
                <br/><![CDATA[
        rtb_Product3 := LREAL#32767.0 * d_DiscreteTimeIntegra;
]]>
                <br/><![CDATA[
        rtb_Product := (SQRT(d_DiscreteTimeIntegra) * LREAL#35.0) * REAL_TO_LREAL(BOOL_TO_REAL(V1));
]]>
                <br/><![CDATA[
        c_DiscreteTimeIntegra := (((rtb_Product - ((LREAL#32.0 * REAL_TO_LREAL(BOOL_TO_REAL(V2))) * SQRT(c_DiscreteTimeIntegra))
]]>
                <br/><![CDATA[
            ) / LREAL#10.0) * LREAL#0.01) + c_DiscreteTimeIntegra;
]]>
                <br/><![CDATA[
        IF c_DiscreteTimeIntegra >= LREAL#40.0 THEN 
]]>
                <br/><![CDATA[
            c_DiscreteTimeIntegra := LREAL#40.0;
]]>
                <br/><![CDATA[
        ELSIF c_DiscreteTimeIntegra <= LREAL#0.0 THEN 
]]>
                <br/><![CDATA[
            c_DiscreteTimeIntegra := LREAL#0.0;
]]>
                <br/><![CDATA[
        END_IF;
]]>
                <br/><![CDATA[
        d_DiscreteTimeIntegra := ((((REAL_TO_LREAL(BOOL_TO_REAL(b_P)) * LREAL#100.0) - rtb_Product) / LREAL#10.0) * LREAL#0.01)
]]>
                <br/><![CDATA[
             + d_DiscreteTimeIntegra;
]]>
                <br/><![CDATA[
        IF d_DiscreteTimeIntegra >= LREAL#40.0 THEN 
]]>
                <br/><![CDATA[
            d_DiscreteTimeIntegra := LREAL#40.0;
]]>
                <br/><![CDATA[
        ELSIF d_DiscreteTimeIntegra <= LREAL#0.0 THEN 
]]>
                <br/><![CDATA[
            d_DiscreteTimeIntegra := LREAL#0.0;
]]>
                <br/><![CDATA[
        END_IF;
]]>
                <br/><![CDATA[
        i0_PLC_LREAL_TRUNC(u := rtb_Product3 / LREAL#40.0);
]]>
                <br/><![CDATA[
        temp1 := i0_PLC_LREAL_TRUNC.y;
]]>
                <br/><![CDATA[
        H1 := DINT_TO_UINT(temp1);
]]>
                <br/><![CDATA[
        i0_PLC_LREAL_TRUNC(u := rtb_Product4 / LREAL#40.0);
]]>
                <br/><![CDATA[
        temp1 := i0_PLC_LREAL_TRUNC.y;
]]>
                <br/><![CDATA[
        H2 := DINT_TO_UINT(temp1);
]]>
                <br/><![CDATA[
END_CASE;
]]>
                <br/>
              </div>
            </html>
          </ST>
        </body>
      </pou>
      <pou name="PLC_LREAL_TRUNC" pouType="functionBlock">
        <interface>
          <localVars>
            <variable name="lv">
              <type>
                <LREAL/>
              </type>
            </variable>
            <variable name="iv">
              <type>
                <DINT/>
              </type>
            </variable>
          </localVars>
          <outputVars>
            <variable name="y">
              <type>
                <DINT/>
              </type>
            </variable>
          </outputVars>
          <inputVars>
            <variable name="u">
              <type>
                <LREAL/>
              </type>
            </variable>
          </inputVars>
        </interface>
        <body>
          <ST>
            <html xmlns="http://www.w3.org/1999/xhtml">
              <div id="MWTDESCRIPTION" wsName="PLC_LREAL_TRUNC" xml:space="preserve" xmlns="http://www.w3.org/1999/xhtml"><![CDATA[
iv := LREAL_TO_DINT(u);
]]>
                <br/><![CDATA[
lv := DINT_TO_LREAL(iv);
]]>
                <br/><![CDATA[
IF lv = u THEN 
]]>
                <br/><![CDATA[
    y := iv;
]]>
                <br/><![CDATA[
ELSIF u > LREAL#0.0 THEN 
]]>
                <br/><![CDATA[
    y := LREAL_TO_DINT(u - LREAL#0.5);
]]>
                <br/><![CDATA[
ELSE 
]]>
                <br/><![CDATA[
    y := LREAL_TO_DINT(u + LREAL#0.5);
]]>
                <br/><![CDATA[
END_IF;
]]>
                <br/>
              </div>
            </html>
          </ST>
        </body>
      </pou>
    </pous>
  </types>
  <instances>
    <configurations/>
  </instances>
</project>
